first_name,last_name,email
Darb,Glanvill,dglanvill0@un.org
Sarene,Firk,sfirk1@cocolog-nifty.com
Gaylor,Doonican,gdoonican2@kickstarter.com
Law,Klehyn,lklehyn3@nbcnews.com
Denny,Waddilove,dwaddilove4@independent.co.uk
Ceil,Cartmail,ccartmail5@mit.edu
Garvey,Smitherman,gsmitherman6@printfriendly.com
Greggory,Janjusevic,gjanjusevic7@studiopress.com
Willi,Shaudfurth,wshaudfurth8@jigsy.com
Alethea,Argent,aargent9@redcross.org
